<?xml version="1.0" encoding="UTF-8"?>
<project-private xmlns="http://www.netbeans.org/ns/project-private/1">
    <editor-bookmarks xmlns="http://www.netbeans.org/ns/editor-bookmarks/2" lastBookmarkId="0"/>
    <open-files xmlns="http://www.netbeans.org/ns/projectui-open-files/2">
        <group>
            <file>file:/C:/Users/lenovo/Documents/NetBeansProjects/FA022-BSSE-5A-018/HomeDeco/web/data.jsp</file>
            <file>file:/C:/Users/lenovo/Documents/NetBeansProjects/FA022-BSSE-5A-018/HomeDeco/web/Contact.jsp</file>
            <file>file:/C:/Users/lenovo/Documents/NetBeansProjects/FA022-BSSE-5A-018/HomeDeco/src/java/util/DatabaseConnection.java</file>
            <file>file:/C:/Users/lenovo/Documents/NetBeansProjects/FA022-BSSE-5A-018/HomeDeco/web/Home.jsp</file>
            <file>file:/C:/Users/lenovo/Documents/NetBeansProjects/FA022-BSSE-5A-018/HomeDeco/web/About.jsp</file>
            <file>file:/C:/Users/lenovo/Documents/NetBeansProjects/FA022-BSSE-5A-018/HomeDeco/web/login.jsp</file>
            <file>file:/C:/Users/lenovo/Documents/NetBeansProjects/FA022-BSSE-5A-018/HomeDeco/web/style.css</file>
            <file>file:/C:/Users/lenovo/Documents/NetBeansProjects/FA022-BSSE-5A-018/HomeDeco/web/Design.jsp</file>
        </group>
    </open-files>
</project-private>
